PLAYER,TEAM,AFFILIATION,YEAR,ROUND NUMBER,ROUND PICK,OVERALL PICK
Cade Cunningham,Detroit Pistons,Oklahoma State,2021,1,1,1
Jalen Green,Houston Rockets,Ignite (G League),2021,1,2,2
Evan Mobley,Cleveland Cavaliers,Southern California,2021,1,3,3
Scottie Barnes,Toronto Raptors,Florida State,2021,1,4,4
Jalen Suggs,Orlando Magic,Gonzaga,2021,1,5,5
Josh Giddey,Oklahoma City Thunder,NBA Global Academy (Australia),2021,1,6,6
Jonathan Kuminga,Golden State Warriors,Ignite (G League),2021,1,7,7
Franz Wagner,Orlando Magic,Michigan,2021,1,8,8
Davion Mitchell,Sacramento Kings,Baylor,2021,1,9,9
Ziaire Williams,New Orleans Pelicans,Stanford,2021,1,10,10
James Bouknight,Charlotte Hornets,Connecticut,2021,1,11,11
Joshua Primo,San Antonio Spurs,Alabama,2021,1,12,12
Chris Duarte,Indiana Pacers,Oregon,2021,1,13,13
Moses Moody,Golden State Warriors,Arkansas,2021,1,14,14
Corey Kispert,Washington Wizards,Gonzaga,2021,1,15,15
Alperen Sengun,Oklahoma City Thunder,Besiktas (Turkey),2021,1,16,16
Trey Murphy III,Memphis Grizzlies,Virginia,2021,1,17,17
Tre Mann,Oklahoma City Thunder,Florida,2021,1,18,18
Kai Jones,New York Knicks,Texas,2021,1,19,19
Jalen Johnson,Atlanta Hawks,Duke,2021,1,20,20
Keon Johnson,New York Knicks,Tennessee,2021,1,21,21
Isaiah Jackson,Los Angeles Lakers,Kentucky,2021,1,22,22
Usman Garuba,Houston Rockets,Madrid (ESP),2021,1,23,23
Josh Christopher,Houston Rockets,Arizona State,2021,1,24,24
Quentin Grimes,LA Clippers,Houston,2021,1,25,25
Bones Hyland,Denver Nuggets,Virginia Commonwealth,2021,1,26,26
Cam Thomas,Brooklyn Nets,Louisiana State,2021,1,27,27
Jaden Springer,Philadelphia 76ers,Tennessee,2021,1,28,28
Day'Ron Sharpe,Phoenix Suns,North Carolina,2021,1,29,29
Santi Aldama,Utah Jazz,Loyola-Maryland,2021,1,30,30
Isaiah Todd,Milwaukee Bucks,Ignite (G League),2021,2,1,31
Jeremiah Robinson-Earl,New York Knicks,Villanova,2021,2,2,32
Jason Preston,Orlando Magic,Ohio,2021,2,3,33
Rokas Jokubaitis,Oklahoma City Thunder,BC Zalgiris (Lithuania),2021,2,4,34
Herbert Jones,New Orleans Pelicans,Alabama,2021,2,5,35
Miles McBride,Oklahoma City Thunder,West Virginia,2021,2,6,36
JT Thor,Detroit Pistons,Auburn,2021,2,7,37
Ayo Dosunmu,Chicago Bulls,Illinois,2021,2,8,38
Neemias Queta,Sacramento Kings,Utah State,2021,2,9,39
Jared Butler,Sacramento Kings,Baylor,2021,2,10,40
Joe Wieskamp,San Antonio Spurs,Iowa,2021,2,11,41
Isaiah Livers,Detroit Pistons,Michigan,2021,2,12,42
Greg Brown III,New Orleans Pelicans,Texas,2021,2,13,43
Kessler Edwards,Brooklyn Nets,Pepperdine,2021,2,14,44
Juhann Begarin,Boston Celtics,Paris (France),2021,2,15,45
Dalano Banton,Toronto Raptors,Nebraska,2021,2,16,46
David Johnson,Toronto Raptors,Louisville,2021,2,17,47
Sharife Cooper,Atlanta Hawks,Auburn,2021,2,18,48
Marcus Zegarowski,Brooklyn Nets,Creighton,2021,2,19,49
Filip Petrusev,Philadelphia 76ers,KK Mega Leks (Serbia),2021,2,20,50
Brandon Boston Jr.,Memphis Grizzlies,Kentucky,2021,2,21,51
Luka Garza,Detroit Pistons,Iowa,2021,2,22,52
Charles Bassey,Philadelphia 76ers,Western Kentucky,2021,2,23,53
Sandro Mamukelashvili,Indiana Pacers,Seton Hall,2021,2,24,54
Aaron Wiggins,Oklahoma City Thunder,Maryland,2021,2,25,55
Scottie Lewis,Charlotte Hornets,Florida,2021,2,26,56
Balsa Koprivica,Charlotte Hornets,Florida State,2021,2,27,57
Jericho Sims,New York Knicks,Texas,2021,2,28,58
RaiQuan Gray,Brooklyn Nets,Florida State,2021,2,29,59
Georgios Kalaitzakis,Indiana Pacers,BC Nevezis (Greece),2021,2,30,60
Anthony Edwards,Minnesota Timberwolves,Georgia,2020,1,1,1
James Wiseman,Golden State Warriors,Memphis,2020,1,2,2
LaMelo Ball,Charlotte Hornets,Illawarra (Australia),2020,1,3,3
Patrick Williams,Chicago Bulls,Florida State,2020,1,4,4
Isaac Okoro,Cleveland Cavaliers,Auburn,2020,1,5,5
Onyeka Okongwu,Atlanta Hawks,Southern California,2020,1,6,6
Killian Hayes,Detroit Pistons,Ratiopharm Ulm (Germany),2020,1,7,7
Obi Toppin,New York Knicks,Dayton,2020,1,8,8
Deni Avdija,Washington Wizards,Maccabi Tel Aviv B.C. (Israel),2020,1,9,9
Jalen Smith,Phoenix Suns,Maryland,2020,1,10,10
Devin Vassell,San Antonio Spurs,Florida State,2020,1,11,11
Tyrese Haliburton,Sacramento Kings,Iowa State,2020,1,12,12
Kira Lewis Jr.,New Orleans Pelicans,Alabama,2020,1,13,13
Aaron Nesmith,Boston Celtics,Vanderbilt,2020,1,14,14
Cole Anthony,Orlando Magic,North Carolina,2020,1,15,15
Isaiah Stewart,Portland Trail Blazers,Washington,2020,1,16,16
Aleksej Pokusevski,Minnesota Timberwolves,Olympiacos B.C. (Greece),2020,1,17,17
Josh Green,Dallas Mavericks,Arizona,2020,1,18,18
Saddiq Bey,Brooklyn Nets,Villanova,2020,1,19,19
Precious Achiuwa,Miami Heat,Memphis,2020,1,20,20
Tyrese Maxey,Philadelphia 76ers,Kentucky,2020,1,21,21
Zeke Nnaji,Denver Nuggets,Arizona,2020,1,22,22
Leandro Bolmaro,New York Knicks,FC Barcelona Basquet (Spain),2020,1,23,23
R.J. Hampton,Milwaukee Bucks,Breakers (New Zealand),2020,1,24,24
Immanuel Quickley,Oklahoma City Thunder,Kentucky,2020,1,25,25
Payton Pritchard,Boston Celtics,Oregon,2020,1,26,26
Udoka Azubuike,Utah Jazz,Kansas,2020,1,27,27
Jaden McDaniels,Los Angeles Lakers,Washington,2020,1,28,28
Malachi Flynn,Toronto Raptors,San Diego State,2020,1,29,29
Desmond Bane,Boston Celtics,Texas Christian,2020,1,30,30
Tyrell Terry,Dallas Mavericks,Stanford,2020,2,1,31
Vernon Carey Jr.,Charlotte Hornets,Duke,2020,2,2,32
Daniel Oturu,Minnesota Timberwolves,Minnesota,2020,2,3,33
Theo Maledon,Philadelphia 76ers,ASVEL Basket (France),2020,2,4,34
Xavier Tillman Sr.,Sacramento Kings,Michigan State,2020,2,5,35
Tyler Bey,Philadelphia 76ers,Colorado,2020,2,6,36
Vit Krejci,Washington Wizards,Basket Zaragoza 2002 (Spain),2020,2,7,37
Saben Lee,Utah Jazz,Vanderbilt,2020,2,8,38
Elijah Hughes,New Orleans Pelicans,Syracuse,2020,2,9,39
Robert Woodard II,Memphis Grizzlies,Mississippi State,2020,2,10,40
Tre Jones,San Antonio Spurs,Duke,2020,2,11,41
Nick Richards,New Orleans Pelicans,Kentucky,2020,2,12,42
Jahmi'us Ramsey,Sacramento Kings,Texas Tech,2020,2,13,43
Marko Simonovic,Chicago Bulls,KK Mega Leks (Serbia),2020,2,14,44
Jordan Nwora,Milwaukee Bucks,Louisville,2020,2,15,45
CJ Elleby,Portland Trail Blazers,Washington State,2020,2,16,46
Yam Madar,Boston Celtics,Hapoel Galil Elyon (Israel),2020,2,17,47
Nico Mannion,Golden State Warriors,Arizona,2020,2,18,48
Isaiah Joe,Philadelphia 76ers,Arkansas,2020,2,19,49
Skylar Mays,Atlanta Hawks,Louisiana State,2020,2,20,50
Justinian Jessup,Golden State Warriors,Boise State,2020,2,21,51
Kenyon Martin Jr.,Sacramento Kings,IMG Academy,2020,2,22,52
Cassius Winston,Oklahoma City Thunder,Michigan State,2020,2,23,53
Cassius Stanley,Indiana Pacers,Duke,2020,2,24,54
Jay Scrubb,Brooklyn Nets,John A. Logan,2020,2,25,55
Grant Riller,Charlotte Hornets,College of Charleston,2020,2,26,56
Reggie Perry,LA Clippers,Mississippi State,2020,2,27,57
Paul Reed,Philadelphia 76ers,DePaul,2020,2,28,58
Jalen Harris,Toronto Raptors,Nevada-Reno,2020,2,29,59
Sam Merrill,New Orleans Pelicans,Utah State,2020,2,30,60
Zion Williamson,New Orleans Pelicans,Duke,2019,1,1,1
Ja Morant,Memphis Grizzlies,Murray State,2019,1,2,2
RJ Barrett,New York Knicks,Duke,2019,1,3,3
De'Andre Hunter,Los Angeles Lakers,Virginia,2019,1,4,4
Darius Garland,Cleveland Cavaliers,Vanderbilt,2019,1,5,5
Jarrett Culver,Phoenix Suns,Texas Tech,2019,1,6,6
Coby White,Chicago Bulls,North Carolina,2019,1,7,7
Jaxson Hayes,Atlanta Hawks,Texas,2019,1,8,8
Rui Hachimura,Washington Wizards,Gonzaga,2019,1,9,9
Cam Reddish,Atlanta Hawks,Duke,2019,1,10,10
Cameron Johnson,Minnesota Timberwolves,North Carolina,2019,1,11,11
P.J. Washington,Charlotte Hornets,Kentucky,2019,1,12,12
Tyler Herro,Miami Heat,Kentucky,2019,1,13,13
Romeo Langford,Boston Celtics,Indiana,2019,1,14,14
Sekou Doumbouya,Detroit Pistons,Limoges CSP (France),2019,1,15,15
Chuma Okeke,Orlando Magic,Auburn,2019,1,16,16
Nickeil Alexander-Walker,Brooklyn Nets,Virginia Tech,2019,1,17,17
Goga Bitadze,Indiana Pacers,KK Mega Leks (Serbia),2019,1,18,18
Luka Samanic,San Antonio Spurs,KK Olimpija (Slovenia),2019,1,19,19
Matisse Thybulle,Boston Celtics,Washington,2019,1,20,20
Brandon Clarke,Oklahoma City Thunder,Gonzaga,2019,1,21,21
Grant Williams,Boston Celtics,Tennessee,2019,1,22,22
Darius Bazley,Utah Jazz,Princeton,2019,1,23,23
Ty Jerome,Philadelphia 76ers,Virginia,2019,1,24,24
Nassir Little,Portland Trail Blazers,North Carolina,2019,1,25,25
Dylan Windler,Cleveland Cavaliers,Belmont,2019,1,26,26
Mfiondu Kabengele,Brooklyn Nets,Florida State,2019,1,27,27
Jordan Poole,Golden State Warriors,Michigan,2019,1,28,28
Keldon Johnson,San Antonio Spurs,Kentucky,2019,1,29,29
Kevin Porter Jr.,Milwaukee Bucks,Southern California,2019,1,30,30
Nic Claxton,Brooklyn Nets,Georgia,2019,2,1,31
KZ Okpala,Phoenix Suns,Stanford,2019,2,2,32
Carsen Edwards,Philadelphia 76ers,Purdue,2019,2,3,33
Bruno Fernando,Philadelphia 76ers,Maryland,2019,2,4,34
Didi Louzada,Atlanta Hawks,Sesi Franca (Brazil),2019,2,5,35
Cody Martin,Charlotte Hornets,North Carolina State,2019,2,6,36
Deividas Sirvydis,Dallas Mavericks,BC Lietuvos rytas (Lithuania),2019,2,7,37
Daniel Gafford,Chicago Bulls,Arkansas,2019,2,8,38
Alen Smailagic,New Orleans Pelicans,Santa Cruz (G League),2019,2,9,39
Justin James,Sacramento Kings,Wyoming,2019,2,10,40
Eric Paschall,Golden State Warriors,Villanova,2019,2,11,41
Admiral Schofield,Philadelphia 76ers,Tennessee,2019,2,12,42
Jaylen Nowell,Minnesota Timberwolves,Washington,2019,2,13,43
Bol Bol,Miami Heat,Oregon,2019,2,14,44
Isaiah Roby,Detroit Pistons,Nebraska,2019,2,15,45
Talen Horton-Tucker,Orlando Magic,Iowa State,2019,2,16,46
Ignas Brazdeikis,Sacramento Kings,Michigan,2019,2,17,47
Terance Mann,LA Clippers,Florida State,2019,2,18,48
Quinndary Weatherspoon,San Antonio Spurs,Mississippi State,2019,2,19,49
Jarrell Brantley,Indiana Pacers,College of Charleston,2019,2,20,50
Tremont Waters,Boston Celtics,Louisiana State,2019,2,21,51
Jalen McDaniels,Charlotte Hornets,San Diego,2019,2,22,52
Justin Wright-Foreman,Utah Jazz,Hofstra,2019,2,23,53
Marial Shayok,Philadelphia 76ers,Virginia,2019,2,24,54
Kyle Guy,New York Knicks,Virginia,2019,2,25,55
Jaylen Hands,LA Clippers,California-Los Angeles,2019,2,26,56
Jordan Bone,New Orleans Pelicans,Tennessee,2019,2,27,57
Miye Oni,Golden State Warriors,Yale,2019,2,28,58
Dewan Hernandez,Toronto Raptors,Miami (FL),2019,2,29,59
Vanja Marinkovic,Sacramento Kings,KK Partizan (Serbia),2019,2,30,60
Deandre Ayton,Phoenix Suns,Arizona,2018,1,1,1
Marvin Bagley III,Sacramento Kings,Duke,2018,1,2,2
Luka Doncic,Atlanta Hawks,Real Madrid Baloncesto (Spain),2018,1,3,3
Jaren Jackson Jr.,Memphis Grizzlies,Michigan State,2018,1,4,4
Trae Young,Dallas Mavericks,Oklahoma,2018,1,5,5
Mo Bamba,Orlando Magic,Texas,2018,1,6,6
Wendell Carter Jr.,Chicago Bulls,West Virginia,2018,1,7,7
Collin Sexton,Cleveland Cavaliers,Alabama,2018,1,8,8
Kevin Knox II,New York Knicks,Kentucky,2018,1,9,9
Mikal Bridges,Philadelphia 76ers,Villanova,2018,1,10,10
Shai Gilgeous-Alexander,Charlotte Hornets,Kentucky,2018,1,11,11
Miles Bridges,LA Clippers,Michigan State,2018,1,12,12
Jerome Robinson,LA Clippers,Boston College,2018,1,13,13
Michael Porter Jr.,Denver Nuggets,Missouri,2018,1,14,14
Troy Brown Jr.,Washington Wizards,Oregon,2018,1,15,15
Zhaire Smith,Phoenix Suns,Texas Tech,2018,1,16,16
Donte DiVincenzo,Milwaukee Bucks,Villanova,2018,1,17,17
Lonnie Walker IV,San Antonio Spurs,Miami (FL),2018,1,18,18
Kevin Huerter,Atlanta Hawks,Maryland,2018,1,19,19
Josh Okogie,Minnesota Timberwolves,Georgia Tech,2018,1,20,20
Grayson Allen,Utah Jazz,Duke,2018,1,21,21
Chandler Hutchison,Chicago Bulls,Boise State,2018,1,22,22
Aaron Holiday,Indiana Pacers,California-Los Angeles,2018,1,23,23
Anfernee Simons,Portland Trail Blazers,IMG Academy,2018,1,24,24
Moritz Wagner,Los Angeles Lakers,Michigan,2018,1,25,25
Landry Shamet,Philadelphia 76ers,Wichita State,2018,1,26,26
Robert Williams III,Boston Celtics,Texas A&M,2018,1,27,27
Jacob Evans,Golden State Warriors,Cincinnati,2018,1,28,28
Dzanan Musa,Brooklyn Nets,KK Cedevita (Croatia),2018,1,29,29
Omari Spellman,Atlanta Hawks,Villanova,2018,1,30,30
Elie Okobo,Phoenix Suns,Elan Bearnais Pau-Orthez (France),2018,2,1,31
Jevon Carter,Memphis Grizzlies,West Virginia,2018,2,2,32
Jalen Brunson,Dallas Mavericks,Villanova,2018,2,3,33
Devonte' Graham,Atlanta Hawks,Kansas,2018,2,4,34
Melvin Frazier Jr.,Orlando Magic,Tulane,2018,2,5,35
Mitchell Robinson,New York Knicks,,2018,2,6,36
Gary Trent Jr.,Sacramento Kings,Duke,2018,2,7,37
Khyri Thomas,Philadelphia 76ers,Creighton,2018,2,8,38
Isaac Bonga,Philadelphia 76ers,Fraport Skyliners (Germany),2018,2,9,39
Rodions Kurucs,Brooklyn Nets,FC Barcelona Basquet (Spain),2018,2,10,40
Jarred Vanderbilt,Orlando Magic,Kentucky,2018,2,11,41
Bruce Brown,Detroit Pistons,Miami (FL),2018,2,12,42
Justin Jackson,Denver Nuggets,Maryland,2018,2,13,43
Issuf Sanon,Washington Wizards,KK Olimpija (Slovenia),2018,2,14,44
Hamidou Diallo,Brooklyn Nets,Kentucky,2018,2,15,45
De'Anthony Melton,Houston Rockets,Southern California,2018,2,16,46
Svi Mykhailiuk,Los Angeles Lakers,Kansas,2018,2,17,47
Keita Bates-Diop,Minnesota Timberwolves,Ohio State,2018,2,18,48
Chimezie Metu,Milwaukee Bucks,Southern California,2018,2,19,49
Alize Johnson,Indiana Pacers,Missouri State,2018,2,20,50
Tony Carr,New Orleans Pelicans,Penn State,2018,2,21,51
Vincent Edwards,Utah Jazz,Purdue,2018,2,22,52
Devon Hall,Oklahoma City Thunder,Virginia,2018,2,23,53
Shake Milton,Dallas Mavericks,Southern Methodist,2018,2,24,54
Arnoldas Kulboka,Charlotte Hornets,Brose Bamberg (Germany),2018,2,25,55
Ray Spalding,Philadelphia 76ers,Louisville,2018,2,26,56
Kevin Hervey,Oklahoma City Thunder,Texas-Arlington,2018,2,27,57
Thomas Welsh,Denver Nuggets,California-Los Angeles,2018,2,28,58
George King,Phoenix Suns,Colorado,2018,2,29,59
Kostas Antetokounmpo,Philadelphia 76ers,Dayton,2018,2,30,60
Markelle Fultz,Philadelphia 76ers,Washington,2017,1,1,1
Lonzo Ball,Los Angeles Lakers,California-Los Angeles,2017,1,2,2
Jayson Tatum,Boston Celtics,Duke,2017,1,3,3
Josh Jackson,Phoenix Suns,Kansas,2017,1,4,4
De'Aaron Fox,Sacramento Kings,Kentucky,2017,1,5,5
Jonathan Isaac,Orlando Magic,Florida State,2017,1,6,6
Lauri Markkanen,Minnesota Timberwolves,Arizona,2017,1,7,7
Frank Ntilikina,New York Knicks,SIG Strasbourg (France),2017,1,8,8
Dennis Smith Jr.,Dallas Mavericks,North Carolina State,2017,1,9,9
Zach Collins,Sacramento Kings,Gonzaga,2017,1,10,10
Malik Monk,Charlotte Hornets,Kentucky,2017,1,11,11
Luke Kennard,Detroit Pistons,Duke,2017,1,12,12
Donovan Mitchell,Denver Nuggets,Louisville,2017,1,13,13
Bam Adebayo,Miami Heat,Kentucky,2017,1,14,14
Justin Jackson,Portland Trail Blazers,North Carolina,2017,1,15,15
Justin Patton,Chicago Bulls,Creighton,2017,1,16,16
D.J. Wilson,Milwaukee Bucks,Michigan,2017,1,17,17
T.J. Leaf,Indiana Pacers,California-Los Angeles,2017,1,18,18
John Collins,Atlanta Hawks,Wake Forest,2017,1,19,19
Harry Giles III,Portland Trail Blazers,Duke,2017,1,20,20
Terrance Ferguson,Oklahoma City Thunder,Adelaide 36ers (Australia),2017,1,21,21
Jarrett Allen,Brooklyn Nets,Texas,2017,1,22,22
OG Anunoby,Toronto Raptors,Indiana,2017,1,23,23
Tyler Lydon,Utah Jazz,Syracuse,2017,1,24,24
Anzejs Pasecniks,Orlando Magic,CB Gran Canaria (Spain),2017,1,25,25
Caleb Swanigan,Portland Trail Blazers,Purdue,2017,1,26,26
Kyle Kuzma,Brooklyn Nets,Utah,2017,1,27,27
Tony Bradley,Los Angeles Lakers,North Carolina,2017,1,28,28
Derrick White,San Antonio Spurs,Colorado,2017,1,29,29
Josh Hart,Utah Jazz,Villanova,2017,1,30,30
Frank Jackson,Charlotte Hornets,Duke,2017,2,1,31
Davon Reed,Phoenix Suns,Miami (FL),2017,2,2,32
Wes Iwundu,Orlando Magic,Kansas State,2017,2,3,33
Frank Mason III,Sacramento Kings,Kansas,2017,2,4,34
Ivan Rabb,Orlando Magic,California,2017,2,5,35
Jonah Bolden,Philadelphia 76ers,Red Star Belgrade (Serbia),2017,2,6,36
Semi Ojeleye,Boston Celtics,Southern Methodist,2017,2,7,37
Jordan Bell,Chicago Bulls,Oregon,2017,2,8,38
Jawun Evans,Philadelphia 76ers,Oklahoma State,2017,2,9,39
Dwayne Bacon,New Orleans Pelicans,Florida State,2017,2,10,40
Tyler Dorsey,Atlanta Hawks,Oregon,2017,2,11,41
Thomas Bryant,Utah Jazz,Indiana,2017,2,12,42
Isaiah Hartenstein,Houston Rockets,BC Zalgiris (Lithuania),2017,2,13,43
Damyean Dotson,New York Knicks,Houston,2017,2,14,44
Dillon Brooks,Houston Rockets,Oregon,2017,2,15,45
Sterling Brown,Philadelphia 76ers,Southern Methodist,2017,2,16,46
Ike Anigbogu,Indiana Pacers,California-Los Angeles,2017,2,17,47
Sindarius Thornwell,Milwaukee Bucks,South Carolina,2017,2,18,48
Vlatko Cancar,Denver Nuggets,KK Mega Leks (Serbia),2017,2,19,49
Mathias Lessort,Philadelphia 76ers,Nanterre 92 (France),2017,2,20,50
Monte Morris,Denver Nuggets,Iowa State,2017,2,21,51
Edmond Sumner,New Orleans Pelicans,Xavier,2017,2,22,52
Kadeem Allen,Boston Celtics,Arizona,2017,2,23,53
Alec Peters,Phoenix Suns,Valparaiso,2017,2,24,54
Nigel Williams-Goss,Utah Jazz,Gonzaga,2017,2,25,55
Jabari Bird,Boston Celtics,California,2017,2,26,56
Aleksandar Vezenkov,Brooklyn Nets,FC Barcelona Basquet (Spain),2017,2,27,57
Ognjen Jaramaz,New York Knicks,KK Mega Leks (Serbia),2017,2,28,58
Jaron Blossomgame,San Antonio Spurs,Clemson,2017,2,29,59
Alpha Kaba,Atlanta Hawks,KK Mega Leks (Serbia),2017,2,30,60
Ben Simmons,Philadelphia 76ers,Louisiana State,2016,1,1,1
Brandon Ingram,Los Angeles Lakers,Duke,2016,1,2,2
Jaylen Brown,Boston Celtics,California,2016,1,3,3
Dragan Bender,Phoenix Suns,Maccabi Tel Aviv B.C. (Israel),2016,1,4,4
Kris Dunn,Minnesota Timberwolves,Providence,2016,1,5,5
Buddy Hield,New Orleans Pelicans,Oklahoma,2016,1,6,6
Jamal Murray,Denver Nuggets,Kentucky,2016,1,7,7
Marquese Chriss,Phoenix Suns,Washington,2016,1,8,8
Jakob Poeltl,Toronto Raptors,Utah,2016,1,9,9
Thon Maker,Milwaukee Bucks,,2016,1,10,10
Domantas Sabonis,Oklahoma City Thunder,Gonzaga,2016,1,11,11
Taurean Prince,Utah Jazz,Baylor,2016,1,12,12
Georgios Papagiannis,Sacramento Kings,Panathinaikos B.C. (Greece),2016,1,13,13
Denzel Valentine,Chicago Bulls,Michigan State,2016,1,14,14
Juancho Hernangomez,Denver Nuggets,Movistar Estudiantes,2016,1,15,15
Guerschon Yabusele,Boston Celtics,SPO Rouen Basket,2016,1,16,16
Wade Baldwin IV,Memphis Grizzlies,Vanderbilt,2016,1,17,17
Henry Ellenson,Detroit Pistons,Marquette,2016,1,18,18
Malik Beasley,Denver Nuggets,Florida State,2016,1,19,19
Caris LeVert,Indiana Pacers,Michigan,2016,1,20,20
DeAndre' Bembry,Atlanta Hawks,Saint Joseph's,2016,1,21,21
Malachi Richardson,Charlotte Hornets,Syracuse,2016,1,22,22
Ante Zizic,Boston Celtics,KK Cibona (Croatia),2016,1,23,23
Timothe Luwawu-Cabarrot,Philadelphia 76ers,KK Mega Vizura,2016,1,24,24
Brice Johnson,LA Clippers,North Carolina,2016,1,25,25
Furkan Korkmaz,Philadelphia 76ers,Anadolu Efes S.K. (Turkey),2016,1,26,26
Pascal Siakam,Toronto Raptors,New Mexico State,2016,1,27,27
Skal Labissiere,Sacramento Kings,Kentucky,2016,1,28,28
Dejounte Murray,San Antonio Spurs,Washington,2016,1,29,29
Damian Jones,Golden State Warriors,Vanderbilt,2016,1,30,30
Deyonta Davis,Boston Celtics,Michigan State,2016,2,1,31
Ivica Zubac,Los Angeles Lakers,KK Mega Vizura,2016,2,2,32
Cheick Diallo,LA Clippers,Kansas,2016,2,3,33
Tyler Ulis,Phoenix Suns,Kentucky,2016,2,4,34
Rade Zagorac,Boston Celtics,KK Mega Vizura,2016,2,5,35
Malcolm Brogdon,Milwaukee Bucks,Virginia,2016,2,6,36
Chinanu Onuaku,Houston Rockets,Louisville,2016,2,7,37
Patrick McCaw,Golden State Warriors,Nevada-Las Vegas,2016,2,8,38
David Michineau,New Orleans Pelicans,Elan Chalon (France),2016,2,9,39
Diamond Stone,New Orleans Pelicans,Maryland,2016,2,10,40
Stephen Zimmerman,Orlando Magic,Nevada-Las Vegas,2016,2,11,41
Isaiah Whitehead,Brooklyn Nets,Seton Hall,2016,2,12,42
Zhou Qi,Houston Rockets,Xinjiang Guanghui,2016,2,13,43
Isaia Cordinier,Atlanta Hawks,Denain ASC Voltaire,2016,2,14,44
Demetrius Jackson,Boston Celtics,Notre Dame,2016,2,15,45
AJ Hammons,Dallas Mavericks,Purdue,2016,2,16,46
Jake Layman,Orlando Magic,Maryland,2016,2,17,47
Paul Zipser,Chicago Bulls,FC Bayern Muenchen,2016,2,18,48
Michael Gbinije,Detroit Pistons,Syracuse,2016,2,19,49
Georges Niang,Indiana Pacers,Iowa State,2016,2,20,50
Ben Bentil,Boston Celtics,Providence,2016,2,21,51
Joel Bolomboy,Utah Jazz,Weber State,2016,2,22,52
Petr Cornelie,Denver Nuggets,Le Mans Sarthe Basket (France),2016,2,23,53
Kay Felder,Atlanta Hawks,Oakland,2016,2,24,54
Marcus Paige,Utah Jazz,North Carolina,2016,2,25,55
Daniel Hamilton,Denver Nuggets,Connecticut,2016,2,26,56
Wang Zhelin,Memphis Grizzlies,Fujian,2016,2,27,57
Abdel Nader,Boston Celtics,Iowa State,2016,2,28,58
Isaiah Cousins,Sacramento Kings,Oklahoma,2016,2,29,59
Tyrone Wallace,Utah Jazz,California,2016,2,30,60
Karl-Anthony Towns,Minnesota Timberwolves,Kentucky,2015,1,1,1
D'Angelo Russell,Los Angeles Lakers,Ohio State,2015,1,2,2
Jahlil Okafor,Philadelphia 76ers,Duke,2015,1,3,3
Kristaps Porzingis,New York Knicks,CB Sevilla (Spain),2015,1,4,4
Mario Hezonja,Orlando Magic,FC Barcelona Basquet (Spain),2015,1,5,5
Willie Cauley-Stein,Sacramento Kings,Kentucky,2015,1,6,6
Emmanuel Mudiay,Denver Nuggets,Guangdong Southern Tigers (China),2015,1,7,7
Stanley Johnson,Detroit Pistons,Arizona,2015,1,8,8
Frank Kaminsky,Charlotte Hornets,Wisconsin,2015,1,9,9
Justise Winslow,Miami Heat,Duke,2015,1,10,10
Myles Turner,Indiana Pacers,Texas,2015,1,11,11
Trey Lyles,Utah Jazz,Kentucky,2015,1,12,12
Devin Booker,Phoenix Suns,Kentucky,2015,1,13,13
Cameron Payne,Oklahoma City Thunder,Murray State,2015,1,14,14
Kelly Oubre Jr.,Atlanta Hawks,Kansas,2015,1,15,15
Terry Rozier,Boston Celtics,Louisville,2015,1,16,16
Rashad Vaughn,Milwaukee Bucks,Nevada-Las Vegas,2015,1,17,17
Sam Dekker,Houston Rockets,Wisconsin,2015,1,18,18
Jerian Grant,Washington Wizards,Notre Dame,2015,1,19,19
Delon Wright,Toronto Raptors,Utah,2015,1,20,20
Justin Anderson,Dallas Mavericks,Virginia,2015,1,21,21
Bobby Portis,Chicago Bulls,Arkansas,2015,1,22,22
Rondae Hollis-Jefferson,Portland Trail Blazers,Arizona,2015,1,23,23
Tyus Jones,Cleveland Cavaliers,Duke,2015,1,24,24
Jarell Martin,Memphis Grizzlies,Louisiana State,2015,1,25,25
Nikola Milutinov,San Antonio Spurs,KK Partizan (Serbia),2015,1,26,26
Larry Nance Jr.,Los Angeles Lakers,Wyoming,2015,1,27,27
RJ Hunter,Boston Celtics,Georgia State,2015,1,28,28
Chris McCullough,Brooklyn Nets,Syracuse,2015,1,29,29
Kevon Looney,Golden State Warriors,California-Los Angeles,2015,1,30,30
Cedi Osman,Minnesota Timberwolves,Anadolu Efes S.K. (Turkey),2015,2,1,31
Montrezl Harrell,Houston Rockets,Louisville,2015,2,2,32
Jordan Mickey,Boston Celtics,Louisiana State,2015,2,3,33
Anthony Brown,Los Angeles Lakers,Stanford,2015,2,4,34
Willy Hernangomez,Philadelphia 76ers,CB Sevilla (Spain),2015,2,5,35
Rakeem Christmas,Minnesota Timberwolves,Syracuse,2015,2,6,36
Richaun Holmes,Philadelphia 76ers,Bowling Green,2015,2,7,37
Darrun Hilliard,Detroit Pistons,Villanova,2015,2,8,38
Juan Pablo Vaulet,Charlotte Hornets,Bahia Basket (Argentina),2015,2,9,39
Josh Richardson,Miami Heat,Tennessee,2015,2,10,40
Pat Connaughton,Brooklyn Nets,Notre Dame,2015,2,11,41
Olivier Hanlan,Utah Jazz,Boston College,2015,2,12,42
Joe Young,Indiana Pacers,Oregon,2015,2,13,43
Andrew Harrison,Phoenix Suns,Kentucky,2015,2,14,44
Marcus Thornton,Boston Celtics,William & Mary,2015,2,15,45
Norman Powell,Milwaukee Bucks,California-Los Angeles,2015,2,16,46
Arturas Gudaitis,Philadelphia 76ers,BC Zalgiris (Lithuania),2015,2,17,47
Dakari Johnson,Oklahoma City Thunder,Kentucky,2015,2,18,48
Aaron White,Washington Wizards,Iowa,2015,2,19,49
Marcus Eriksson,Atlanta Hawks,FC Barcelona Basquet (Spain),2015,2,20,50
Tyler Harvey,Orlando Magic,Eastern Washington,2015,2,21,51
Satnam Singh,Dallas Mavericks,IMG Academy,2015,2,22,52
Sir'Dominic Pointer,Cleveland Cavaliers,St. John's (NY),2015,2,23,53
Daniel Diez,Utah Jazz,San Sebastian Gipuzkoa BC (Spain),2015,2,24,54
Cady Lalanne,San Antonio Spurs,Massachusetts,2015,2,25,55
Branden Dawson,New Orleans Pelicans,Michigan State,2015,2,26,56
Nikola Radicevic,Denver Nuggets,CB Sevilla (Spain),2015,2,27,57
JP Tokoto,Philadelphia 76ers,North Carolina,2015,2,28,58
Dimitrios Agravanis,Atlanta Hawks,Olympiacos B.C. (Greece),2015,2,29,59
Luka Mitrovic,Philadelphia 76ers,Red Star Belgrade (Serbia),2015,2,30,60
Andrew Wiggins,Cleveland Cavaliers,Kansas,2014,1,1,1
Jabari Parker,Milwaukee Bucks,Duke,2014,1,2,2
Joel Embiid,Philadelphia 76ers,Kansas,2014,1,3,3
Aaron Gordon,Orlando Magic,Arizona,2014,1,4,4
Dante Exum,Utah Jazz,Australian Institute of Sport (Australia),2014,1,5,5
Marcus Smart,Boston Celtics,Oklahoma State,2014,1,6,6
Julius Randle,Los Angeles Lakers,Kentucky,2014,1,7,7
Nik Stauskas,Sacramento Kings,Michigan,2014,1,8,8
Noah Vonleh,Charlotte Hornets,Indiana,2014,1,9,9
Elfrid Payton,Philadelphia 76ers,Louisiana-Lafayette,2014,1,10,10
Doug McDermott,Denver Nuggets,Creighton,2014,1,11,11
Dario Saric,Orlando Magic,KK Cibona (Croatia),2014,1,12,12
Zach LaVine,Minnesota Timberwolves,California-Los Angeles,2014,1,13,13
T.J. Warren,Phoenix Suns,North Carolina State,2014,1,14,14
Adreian Payne,Atlanta Hawks,Michigan State,2014,1,15,15
Jusuf Nurkic,Chicago Bulls,KK Cedevita (Croatia),2014,1,16,16
James Young,Boston Celtics,Kentucky,2014,1,17,17
Tyler Ennis,Phoenix Suns,Syracuse,2014,1,18,18
Gary Harris,Chicago Bulls,Michigan State,2014,1,19,19
Bruno Caboclo,Toronto Raptors,Esporte Clube Pinheiros (Brazil),2014,1,20,20
Mitch McGary,Oklahoma City Thunder,Michigan,2014,1,21,21
Jordan Adams,Memphis Grizzlies,California-Los Angeles,2014,1,22,22
Rodney Hood,Utah Jazz,Duke,2014,1,23,23
Shabazz Napier,Charlotte Hornets,Connecticut,2014,1,24,24
Clint Capela,Houston Rockets,Elan Chalon (France),2014,1,25,25
PJ Hairston,Miami Heat,Texas Legends (D-League),2014,1,26,26
Bogdan Bogdanovic,Phoenix Suns,KK Partizan (Serbia),2014,1,27,27
C.J. Wilcox,Los Angeles Clippers,Washington,2014,1,28,28
Josh Huestis,Oklahoma City Thunder,Stanford,2014,1,29,29
Kyle Anderson,San Antonio Spurs,California-Los Angeles,2014,1,30,30
Damien Inglis,Milwaukee Bucks,Chorale Roanne Basket (France),2014,2,1,31
KJ McDaniels,Philadelphia 76ers,Clemson,2014,2,2,32
Joe Harris,Cleveland Cavaliers,Virginia,2014,2,3,33
Cleanthony Early,New York Knicks,Wichita State,2014,2,4,34
Jarnell Stokes,Utah Jazz,Tennessee,2014,2,5,35
Johnny O'Bryant III,Milwaukee Bucks,Louisiana State,2014,2,6,36
DeAndre Daniels,Toronto Raptors,Connecticut,2014,2,7,37
Spencer Dinwiddie,Detroit Pistons,Colorado,2014,2,8,38
Jerami Grant,Philadelphia 76ers,Syracuse,2014,2,9,39
Glenn Robinson III,Minnesota Timberwolves,Michigan,2014,2,10,40
Nikola Jokic,Denver Nuggets,KK Mega Leks (Serbia),2014,2,11,41
Nick Johnson,Houston Rockets,Arizona,2014,2,12,42
Edy Tavares,Atlanta Hawks,CB Gran Canaria (Spain),2014,2,13,43
Markel Brown,Minnesota Timberwolves,Oklahoma State,2014,2,14,44
Dwight Powell,Charlotte Hornets,Stanford,2014,2,15,45
Jordan Clarkson,Washington Wizards,Missouri,2014,2,16,46
Russ Smith,Philadelphia 76ers,Louisville,2014,2,17,47
Lamar Patterson,Milwaukee Bucks,Pittsburgh,2014,2,18,48
Cameron Bairstow,Chicago Bulls,New Mexico,2014,2,19,49
Alec Brown,Phoenix Suns,Wisconsin-Green Bay,2014,2,20,50
Thanasis Antetokounmpo,New York Knicks,Delaware 87ers (D-League),2014,2,21,51
Vasilije Micic,Philadelphia 76ers,KK Mega Leks (Serbia),2014,2,22,52
Alessandro Gentile,Minnesota Timberwolves,Olimpia Milano (Italy),2014,2,23,53
Nemanja Dangubic,Philadelphia 76ers,KK Mega Leks (Serbia),2014,2,24,54
Semaj Christon,Miami Heat,Xavier,2014,2,25,55
Devyn Marble,Denver Nuggets,Iowa,2014,2,26,56
Louis Labeyrie,Indiana Pacers,Paris-Levallois Basket (France),2014,2,27,57
Jordan McRae,San Antonio Spurs,Tennessee,2014,2,28,58
Xavier Thames,Toronto Raptors,San Diego State,2014,2,29,59
Cory Jefferson,San Antonio Spurs,Baylor,2014,2,30,60
Anthony Bennett,Cleveland Cavaliers,Nevada-Las Vegas,2013,1,1,1
Victor Oladipo,Orlando Magic,Indiana,2013,1,2,2
Otto Porter Jr.,Washington Wizards,Georgetown,2013,1,3,3
Cody Zeller,Charlotte Bobcats,Indiana,2013,1,4,4
Alex Len,Phoenix Suns,Maryland,2013,1,5,5
Nerlens Noel,New Orleans Pelicans,Kentucky,2013,1,6,6
Ben McLemore,Sacramento Kings,Kansas,2013,1,7,7
Kentavious Caldwell-Pope,Detroit Pistons,Georgia,2013,1,8,8
Trey Burke,Minnesota Timberwolves,Michigan,2013,1,9,9
CJ McCollum,Portland Trail Blazers,Lehigh,2013,1,10,10
Michael Carter-Williams,Philadelphia 76ers,Syracuse,2013,1,11,11
Steven Adams,Oklahoma City Thunder,Pittsburgh,2013,1,12,12
Kelly Olynyk,Dallas Mavericks,Gonzaga,2013,1,13,13
Shabazz Muhammad,Utah Jazz,California-Los Angeles,2013,1,14,14
Giannis Antetokounmpo,Milwaukee Bucks,Basket Zaragoza 2002 (Spain),2013,1,15,15
Lucas Nogueira,Boston Celtics,CB Estudiantes (Spain),2013,1,16,16
Dennis Schroder,Atlanta Hawks,Basketball Lowen Braunschweig (Germany),2013,1,17,17
Shane Larkin,Atlanta Hawks,Miami (FL),2013,1,18,18
Sergey Karasev,Cleveland Cavaliers,B.C. Zenit Saint Petersburg (Russia),2013,1,19,19
Tony Snell,Chicago Bulls,New Mexico,2013,1,20,20
Gorgui Dieng,Utah Jazz,Louisville,2013,1,21,21
Mason Plumlee,Brooklyn Nets,Duke,2013,1,22,22
Solomon Hill,Indiana Pacers,Arizona,2013,1,23,23
Tim Hardaway Jr.,New York Knicks,Michigan,2013,1,24,24
Reggie Bullock,Los Angeles Clippers,North Carolina,2013,1,25,25
Andre Roberson,Minnesota Timberwolves,Colorado,2013,1,26,26
Rudy Gobert,Denver Nuggets,Cholet Basket (France),2013,1,27,27
Livio Jean-Charles,San Antonio Spurs,ASVEL Basket (France),2013,1,28,28
Archie Goodwin,Oklahoma City Thunder,Kentucky,2013,1,29,29
Nemanja Nedovic,Phoenix Suns,BC Lietuvos rytas (Lithuania),2013,1,30,30
Allen Crabbe,Cleveland Cavaliers,California,2013,2,1,31
Alex Abrines,Oklahoma City Thunder,FC Barcelona Basquet (Spain),2013,2,2,32
Carrick Felix,Cleveland Cavaliers,Arizona State,2013,2,3,33
Isaiah Canaan,Houston Rockets,Murray State,2013,2,4,34
Glen Rice,Philadelphia 76ers,Michigan,2013,2,5,35
Ray McCallum,Sacramento Kings,Detroit Mercy,2013,2,6,36
Tony Mitchell,Detroit Pistons,North Texas,2013,2,7,37
Nate Wolters,Washington Wizards,South Dakota State,2013,2,8,38
Jeff Withey,Portland Trail Blazers,Kansas,2013,2,9,39
Grant Jerrett,Portland Trail Blazers,Arizona,2013,2,10,40
Jamaal Franklin,Memphis Grizzlies,San Diego State,2013,2,11,41
Pierre Jackson,Philadelphia 76ers,Baylor,2013,2,12,42
Ricky Ledo,Milwaukee Bucks,Providence,2013,2,13,43
Mike Muscala,Dallas Mavericks,Bucknell,2013,2,14,44
Marko Todorovic,Portland Trail Blazers,FC Barcelona Basquet (Spain),2013,2,15,45
Erick Green,Utah Jazz,Virginia Tech,2013,2,16,46
Raul Neto,Atlanta Hawks,San Sebastian Gipuzkoa BC (Spain),2013,2,17,47
Ryan Kelly,Los Angeles Lakers,Duke,2013,2,18,48
Erik Murphy,Chicago Bulls,Florida,2013,2,19,49
James Ennis III,Atlanta Hawks,Long Beach State,2013,2,20,50
Romero Osby,Orlando Magic,Oklahoma,2013,2,21,51
Lorenzo Brown,Minnesota Timberwolves,North Carolina State,2013,2,22,52
Colton Iverson,Indiana Pacers,Colorado State,2013,2,23,53
Arsalan Kazemi,Washington Wizards,Oregon,2013,2,24,54
Joffrey Lauvergne,Memphis Grizzlies,KK Partizan (Serbia),2013,2,25,55
Peyton Siva,Detroit Pistons,Louisville,2013,2,26,56
Alex Oriakhi,Phoenix Suns,Missouri,2013,2,27,57
Deshaun Thomas,San Antonio Spurs,Ohio State,2013,2,28,58
Bojan Dubljevic,Minnesota Timberwolves,Valencia BC (Spain),2013,2,29,59
Janis Timma,Memphis Grizzlies,BK Ventspils (Latvia),2013,2,30,60
Anthony Davis,New Orleans Hornets,Kentucky,2012,1,1,1
Michael Kidd-Gilchrist,Charlotte Bobcats,Kentucky,2012,1,2,2
Bradley Beal,Washington Wizards,Florida,2012,1,3,3
Dion Waiters,Cleveland Cavaliers,Syracuse,2012,1,4,4
Thomas Robinson,Sacramento Kings,Kansas,2012,1,5,5
Damian Lillard,Portland Trail Blazers,Weber State,2012,1,6,6
Harrison Barnes,Golden State Warriors,North Carolina,2012,1,7,7
Terrence Ross,Toronto Raptors,Washington,2012,1,8,8
Andre Drummond,Detroit Pistons,Connecticut,2012,1,9,9
Austin Rivers,New Orleans Hornets,Duke,2012,1,10,10
Meyers Leonard,Portland Trail Blazers,Illinois,2012,1,11,11
Jeremy Lamb,Houston Rockets,Connecticut,2012,1,12,12
Kendall Marshall,Phoenix Suns,North Carolina,2012,1,13,13
John Henson,Milwaukee Bucks,North Carolina,2012,1,14,14
Maurice Harkless,Philadelphia 76ers,St. John's (NY),2012,1,15,15
Royce White,Houston Rockets,Iowa State,2012,1,16,16
Tyler Zeller,Dallas Mavericks,North Carolina,2012,1,17,17
Terrence Jones,Houston Rockets,Kentucky,2012,1,18,18
Andrew Nicholson,Orlando Magic,St. Bonaventure,2012,1,19,19
Evan Fournier,Denver Nuggets,Poitiers Basket 86 (France),2012,1,20,20
Jared Sullinger,Boston Celtics,Ohio State,2012,1,21,21
Fab Melo,Boston Celtics,Syracuse,2012,1,22,22
John Jenkins,Atlanta Hawks,Vanderbilt,2012,1,23,23
Jared Cunningham,Cleveland Cavaliers,Oregon State,2012,1,24,24
Tony Wroten,Memphis Grizzlies,Washington,2012,1,25,25
Miles Plumlee,Indiana Pacers,Duke,2012,1,26,26
Arnett Moultrie,Miami Heat,Mississippi State,2012,1,27,27
Perry Jones III,Oklahoma City Thunder,Baylor,2012,1,28,28
Marquis Teague,Chicago Bulls,Kentucky,2012,1,29,29
Festus Ezeli,Golden State Warriors,Vanderbilt,2012,1,30,30
Jeffery Taylor,Charlotte Bobcats,Vanderbilt,2012,2,1,31
Tomas Satoransky,Washington Wizards,CB Sevilla (Spain),2012,2,2,32
Bernard James,Cleveland Cavaliers,Florida State,2012,2,3,33
Jae Crowder,Cleveland Cavaliers,Marquette,2012,2,4,34
Draymond Green,Golden State Warriors,Michigan State,2012,2,5,35
Orlando Johnson,Sacramento Kings,California-Santa Barbara,2012,2,6,36
Quincy Acy,Toronto Raptors,Baylor,2012,2,7,37
Quincy Miller,Denver Nuggets,Baylor,2012,2,8,38
Khris Middleton,Detroit Pistons,Texas A&M,2012,2,9,39
Will Barton,Portland Trail Blazers,Memphis,2012,2,10,40
Tyshawn Taylor,Portland Trail Blazers,Kansas,2012,2,11,41
Doron Lamb,Milwaukee Bucks,Kentucky,2012,2,12,42
Mike Scott,Atlanta Hawks,Virginia,2012,2,13,43
Kim English,Detroit Pistons,Missouri,2012,2,14,44
Justin Hamilton,Philadelphia 76ers,Louisiana State,2012,2,15,45
Darius Miller,New Orleans Hornets,Kentucky,2012,2,16,46
Kevin Murphy,Utah Jazz,Tennessee Tech,2012,2,17,47
Kostas Papanikolaou,New York Knicks,Olympiacos B.C. (Greece),2012,2,18,48
Kyle O'Quinn,Orlando Magic,Norfolk State,2012,2,19,49
Izzet Turkyilmaz,Denver Nuggets,Banvit B.K. (Turkey),2012,2,20,50
Kris Joseph,Boston Celtics,Syracuse,2012,2,21,51
Ognjen Kuzmic,Golden State Warriors,CB Axarquia (Spain),2012,2,22,52
Furkan Aldemir,Los Angeles Clippers,Galatasaray S.K. (Turkey),2012,2,23,53
Tornike Shengelia,Philadelphia 76ers,Georgia,2012,2,24,54
Darius Johnson-Odom,Dallas Mavericks,Marquette,2012,2,25,55
Tomislav Zubcic,Toronto Raptors,KK Cibona (Croatia),2012,2,26,56
Ilkan Karaman,Brooklyn Nets,Pinar Karsiyaka (Turkey),2012,2,27,57
Robbie Hummel,Minnesota Timberwolves,Purdue,2012,2,28,58
Marcus Denmon,San Antonio Spurs,Missouri,2012,2,29,59
Robert Sacre,Los Angeles Lakers,Gonzaga,2012,2,30,60
Kyrie Irving,Cleveland Cavaliers,Duke,2011,1,1,1
Derrick Williams,Minnesota Timberwolves,Arizona,2011,1,2,2
Enes Kanter,Utah Jazz,Kentucky,2011,1,3,3
Tristan Thompson,Cleveland Cavaliers,Texas,2011,1,4,4
Jonas Valanciunas,Toronto Raptors,BC Lietuvos rytas (Lithuania),2011,1,5,5
Jan Vesely,Washington Wizards,KK Partizan (Serbia),2011,1,6,6
Bismack Biyombo,Sacramento Kings,Baloncesto Fuenlabrada (Spain),2011,1,7,7
Brandon Knight,Detroit Pistons,Kentucky,2011,1,8,8
Kemba Walker,Charlotte Bobcats,Connecticut,2011,1,9,9
Jimmer Fredette,Milwaukee Bucks,Brigham Young,2011,1,10,10
Klay Thompson,Golden State Warriors,Washington State,2011,1,11,11
Alec Burks,Utah Jazz,Colorado,2011,1,12,12
Markieff Morris,Phoenix Suns,Kansas,2011,1,13,13
Marcus Morris Sr.,Houston Rockets,Kansas,2011,1,14,14
Kawhi Leonard,Indiana Pacers,San Diego State,2011,1,15,15
Nikola Vucevic,Philadelphia 76ers,Southern California,2011,1,16,16
Iman Shumpert,New York Knicks,Georgia Tech,2011,1,17,17
Chris Singleton,Washington Wizards,Florida State,2011,1,18,18
Tobias Harris,Charlotte Bobcats,Tennessee,2011,1,19,19
Donatas Motiejunas,Minnesota Timberwolves,Universo Treviso Basket (Italy),2011,1,20,20
Nolan Smith,Portland Trail Blazers,Duke,2011,1,21,21
Kenneth Faried,Denver Nuggets,Morehead State,2011,1,22,22
Nikola Mirotic,Houston Rockets,Real Madrid Baloncesto (Spain),2011,1,23,23
Reggie Jackson,Oklahoma City Thunder,Boston College,2011,1,24,24
MarShon Brooks,Boston Celtics,Providence,2011,1,25,25
Jordan Hamilton,Dallas Mavericks,Texas,2011,1,26,26
JaJuan Johnson,New Jersey Nets,Purdue,2011,1,27,27
Norris Cole,Chicago Bulls,Cleveland State,2011,1,28,28
Cory Joseph,San Antonio Spurs,Texas,2011,1,29,29
Jimmy Butler,Chicago Bulls,Marquette,2011,1,30,30
Bojan Bogdanovic,Miami Heat,KK Partizan (Serbia),2011,2,1,31
Justin Harper,Cleveland Cavaliers,Richmond,2011,2,2,32
Kyle Singler,Detroit Pistons,Duke,2011,2,3,33
Shelvin Mack,Washington Wizards,Butler,2011,2,4,34
Tyler Honeycutt,Sacramento Kings,California-Los Angeles,2011,2,5,35
Jordan Williams,New Jersey Nets,Maryland,2011,2,6,36
Trey Thompkins,Los Angeles Clippers,Georgia,2011,2,7,37
Chandler Parsons,Houston Rockets,Florida,2011,2,8,38
Jeremy Tyler,Charlotte Bobcats,Tokyo Apache (Japan),2011,2,9,39
Jon Leuer,Milwaukee Bucks,Wisconsin,2011,2,10,40
Darius Morris,Los Angeles Lakers,Michigan,2011,2,11,41
Davis Bertans,Indiana Pacers,KK Olimpija (Slovenia),2011,2,12,42
Malcolm Lee,Chicago Bulls,California-Los Angeles,2011,2,13,43
Charles Jenkins,Golden State Warriors,Hofstra,2011,2,14,44
Josh Harrellson,New Orleans Hornets,Kentucky,2011,2,15,45
Andrew Goudelock,Los Angeles Lakers,College of Charleston,2011,2,16,46
Travis Leslie,Los Angeles Clippers,Georgia,2011,2,17,47
Keith Benson,Atlanta Hawks,Oakland,2011,2,18,48
Josh Selby,Memphis Grizzlies,Kansas,2011,2,19,49
Lavoy Allen,Philadelphia 76ers,Temple,2011,2,20,50
Jon Diebler,Portland Trail Blazers,Ohio State,2011,2,21,51
Vernon Macklin,Detroit Pistons,Florida,2011,2,22,52
DeAndre Liggins,Orlando Magic,Kentucky,2011,2,23,53
MIlan Macvan,Cleveland Cavaliers,Maccabi Tel Aviv B.C. (Israel),2011,2,24,54
E'Twaun Moore,Boston Celtics,Purdue,2011,2,25,55
Chukwudiebere Maduabum,Los Angeles Lakers,Bakersfield Jam (D-League),2011,2,26,56
Tanguy Ngombo,Dallas Mavericks,Al Rayyan Basketball Team (Qatar),2011,2,27,57
Ater Majok,Los Angeles Lakers,Gold Coast Blaze (Australia),2011,2,28,58
Adam Hanga,San Antonio Spurs,Alba Fehervar (Hungary),2011,2,29,59
Isaiah Thomas,Sacramento Kings,Washington,2011,2,30,60
John Wall,Washington Wizards,Kentucky,2010,1,1,1
Evan Turner,Philadelphia 76ers,Ohio State,2010,1,2,2
Derrick Favors,New Jersey Nets,Georgia Tech,2010,1,3,3
Wesley Johnson,Minnesota Timberwolves,Syracuse,2010,1,4,4
DeMarcus Cousins,Sacramento Kings,Kentucky,2010,1,5,5
Ekpe Udoh,Golden State Warriors,Baylor,2010,1,6,6
Greg Monroe,Detroit Pistons,Georgetown,2010,1,7,7
Al-Farouq Aminu,Los Angeles Clippers,Wake Forest,2010,1,8,8
Gordon Hayward,Utah Jazz,Butler,2010,1,9,9
Paul George,Indiana Pacers,Fresno State,2010,1,10,10
Cole Aldrich,New Orleans Hornets,Kansas,2010,1,11,11
Xavier Henry,Memphis Grizzlies,Kansas,2010,1,12,12
Ed Davis,Toronto Raptors,North Carolina,2010,1,13,13
Patrick Patterson,Houston Rockets,Kentucky,2010,1,14,14
Larry Sanders,Milwaukee Bucks,Virginia Commonwealth,2010,1,15,15
Luke Babbitt,Minnesota Timberwolves,Nevada-Reno,2010,1,16,16
Kevin Seraphin,Chicago Bulls,Cholet Basket (France),2010,1,17,17
Eric Bledsoe,Oklahoma City Thunder,Kentucky,2010,1,18,18
Avery Bradley,Boston Celtics,Texas,2010,1,19,19
James Anderson,San Antonio Spurs,Oklahoma State,2010,1,20,20
Craig Brackins,Oklahoma City Thunder,Iowa State,2010,1,21,21
Elliot Williams,Portland Trail Blazers,Memphis,2010,1,22,22
Trevor Booker,Minnesota Timberwolves,Clemson,2010,1,23,23
Damion James,Atlanta Hawks,Texas,2010,1,24,24
Dominique Jones,Memphis Grizzlies,South Florida,2010,1,25,25
Quincy Pondexter,Oklahoma City Thunder,Washington,2010,1,26,26
Jordan Crawford,New Jersey Nets,Xavier,2010,1,27,27
Greivis Vasquez,Memphis Grizzlies,Maryland,2010,1,28,28
Daniel Orton,Orlando Magic,Kentucky,2010,1,29,29
Lazar Hayward,Washington Wizards,Marquette,2010,1,30,30
Tibor Pleiss,New Jersey Nets,Brose Baskets (Germany),2010,2,1,31
Dexter Pittman,Miami Heat,Texas,2010,2,2,32
Hassan Whiteside,Sacramento Kings,Marshall,2010,2,3,33
Armon Johnson,Portland Trail Blazers,Nevada-Reno,2010,2,4,34
Nemanja Bjelica,Washington Wizards,KK Crvena zvezda (Serbia),2010,2,5,35
Terrico White,Detroit Pistons,Mississippi,2010,2,6,36
Darington Hobson,Milwaukee Bucks,New Mexico,2010,2,7,37
Andy Rautins,New York Knicks,Syracuse,2010,2,8,38
Landry Fields,New York Knicks,Stanford,2010,2,9,39
Lance Stephenson,Indiana Pacers,Cincinnati,2010,2,10,40
Jarvis Varnado,Miami Heat,Mississippi State,2010,2,11,41
Da'Sean Butler,Miami Heat,West Virginia,2010,2,12,42
Devin Ebanks,Los Angeles Lakers,West Virginia,2010,2,13,43
Jerome Jordan,Milwaukee Bucks,Tulsa,2010,2,14,44
Paulao Prestes,Minnesota Timberwolves,CB Murcia (Spain),2010,2,15,45
Gani Lawal,Phoenix Suns,Georgia Tech,2010,2,16,46
Tiny Gallon,Milwaukee Bucks,Oklahoma,2010,2,17,47
Latavious Williams,Miami Heat,Tulsa 66ers (D-League),2010,2,18,48
Ryan Richards,San Antonio Spurs,CB Gran Canaria (Spain),2010,2,19,49
Solomon Alabi,Dallas Mavericks,Florida State,2010,2,20,50
Magnum Rolle,Oklahoma City Thunder,Louisiana Tech,2010,2,21,51
Luke Harangody,Boston Celtics,Notre Dame,2010,2,22,52
Pape Sy,Atlanta Hawks,STB Le Havre (France),2010,2,23,53
Willie Warren,Los Angeles Clippers,Oklahoma,2010,2,24,54
Jeremy Evans,Utah Jazz,Western Kentucky,2010,2,25,55
Hamady Ndiaye,Minnesota Timberwolves,Rutgers,2010,2,26,56
Ryan Reid,Indiana Pacers,Florida State,2010,2,27,57
Derrick Caracter,Los Angeles Lakers,Texas-El Paso,2010,2,28,58
Stanley Robinson,Orlando Magic,Connecticut,2010,2,29,59
Dwayne Collins,Phoenix Suns,Miami (FL),2010,2,30,60
Blake Griffin,Los Angeles Clippers,Oklahoma,2009,1,1,1
Hasheem Thabeet,Memphis Grizzlies,Connecticut,2009,1,2,2
James Harden,Oklahoma City Thunder,Arizona State,2009,1,3,3
Tyreke Evans,Sacramento Kings,Memphis,2009,1,4,4
Ricky Rubio,Minnesota Timberwolves,Joventut Badalona (Spain),2009,1,5,5
Jonny Flynn,Minnesota Timberwolves,Syracuse,2009,1,6,6
Stephen Curry,Golden State Warriors,Davidson,2009,1,7,7
Jordan Hill,New York Knicks,Arizona,2009,1,8,8
DeMar DeRozan,Toronto Raptors,Southern California,2009,1,9,9
Brandon Jennings,Milwaukee Bucks,Pallacanestro Virtus Roma (Italy),2009,1,10,10
Terrence Williams,New Jersey Nets,Louisville,2009,1,11,11
Gerald Henderson,Charlotte Bobcats,Duke,2009,1,12,12
Tyler Hansbrough,Indiana Pacers,North Carolina,2009,1,13,13
Earl Clark,Phoenix Suns,Louisville,2009,1,14,14
Austin Daye,Detroit Pistons,Gonzaga,2009,1,15,15
James Johnson,Chicago Bulls,Wake Forest,2009,1,16,16
Jrue Holiday,Philadelphia 76ers,California-Los Angeles,2009,1,17,17
Ty Lawson,Minnesota Timberwolves,North Carolina,2009,1,18,18
Jeff Teague,Atlanta Hawks,Wake Forest,2009,1,19,19
Eric Maynor,Utah Jazz,Virginia Commonwealth,2009,1,20,20
Darren Collison,New Orleans Hornets,California-Los Angeles,2009,1,21,21
Victor Claver,Portland Trail Blazers,Valencia BC (Spain),2009,1,22,22
Omri Casspi,Sacramento Kings,Maccabi Tel Aviv B.C. (Israel),2009,1,23,23
Byron Mullens,Dallas Mavericks,Ohio State,2009,1,24,24
Rodrigue Beaubois,Oklahoma City Thunder,Cholet Basket (France),2009,1,25,25
Taj Gibson,Chicago Bulls,Southern California,2009,1,26,26
DeMarre Carroll,Memphis Grizzlies,Missouri,2009,1,27,27
Wayne Ellington,Minnesota Timberwolves,North Carolina,2009,1,28,28
Toney Douglas,Los Angeles Lakers,Florida State,2009,1,29,29
Christian Eyenga,Cleveland Cavaliers,CB Prat (Spain),2009,1,30,30
Jeff Ayres,Sacramento Kings,Arizona State,2009,2,1,31
Jermaine Taylor,Washington Wizards,Central Florida,2009,2,2,32
Dante Cunningham,Portland Trail Blazers,Villanova,2009,2,3,33
Sergio Llull,Denver Nuggets,Real Madrid Baloncesto (Spain),2009,2,4,34
DaJuan Summers,Detroit Pistons,Georgetown,2009,2,5,35
Sam Young,Memphis Grizzlies,Pittsburgh,2009,2,6,36
DeJuan Blair,San Antonio Spurs,Pittsburgh,2009,2,7,37
Jon Brockman,Portland Trail Blazers,Washington,2009,2,8,38
Jonas Jerebko,Detroit Pistons,Pallacanestro Biella (Italy),2009,2,9,39
Derrick Brown,Charlotte Bobcats,Xavier,2009,2,10,40
Jodie Meeks,Milwaukee Bucks,Kentucky,2009,2,11,41
Patrick Beverley,Los Angeles Lakers,BC Dnipro (Ukraine),2009,2,12,42
Marcus Thornton,Miami Heat,Louisiana State,2009,2,13,43
Chase Budinger,Detroit Pistons,Arizona,2009,2,14,44
Nick Calathes,Minnesota Timberwolves,Florida,2009,2,15,45
Danny Green,Cleveland Cavaliers,North Carolina,2009,2,16,46
Henk Norel,Minnesota Timberwolves,Joventut Badalona (Spain),2009,2,17,47
Taylor Griffin,Phoenix Suns,Oklahoma,2009,2,18,48
Sergiy Gladyr,Atlanta Hawks,MBC Mykolaiv (Ukraine),2009,2,19,49
Goran Suton,Utah Jazz,Michigan State,2009,2,20,50
Jack McClinton,San Antonio Spurs,Miami (FL),2009,2,21,51
AJ Price,Indiana Pacers,Connecticut,2009,2,22,52
Nando De Colo,San Antonio Spurs,Cholet Basket (France),2009,2,23,53
Robert Vaden,Charlotte Bobcats,Alabama-Birmingham,2009,2,24,54
Patty Mills,Portland Trail Blazers,St. Mary's (CA),2009,2,25,55
Ahmad Nivins,Dallas Mavericks,Saint Joseph's,2009,2,26,56
Emir Preldzic,Phoenix Suns,Fenerbahce S.K. (Turkey),2009,2,27,57
Lester Hudson,Boston Celtics,Tennessee-Martin,2009,2,28,58
Chinemelu Elonu,Los Angeles Lakers,Texas A&M,2009,2,29,59
Robert Dozier,Miami Heat,Memphis,2009,2,30,60
